nombre_region,ventas_prc
Sur,31.107491856677523
Oeste,11.563517915309447
Este,26.221498371335503
Norte,31.107491856677523
